{"stat.useItem.minecraft.command_block":36,"stat.walkOneCm":209830,"stat.useItem.minecraft.stone_slab":9,"stat.useItem.minecraft.sandstone_stairs":1,"achievement.openInventory":58,"stat.useItem.minecraft.stone":591,"stat.useItem.minecraft.jungle_fence":4,"stat.leaveGame":3,"stat.damageTaken":200,"stat.useItem.minecraft.oak_stairs":10,"stat.useItem.minecraft.wooden_button":1,"stat.useItem.minecraft.cobblestone":3,"stat.useItem.minecraft.gold_block":4,"stat.useItem.minecraft.skull":8,"stat.useItem.minecraft.stonebrick":13,"stat.useItem.minecraft.carpet":8,"stat.useItem.minecraft.glowstone":19,"stat.flyOneCm":561028,"stat.deaths":2,"stat.drop":1,"stat.jump":507,"stat.playOneMinute":86435,"stat.useItem.minecraft.planks":16,"stat.fallOneCm":633,"stat.useItem.minecraft.redstone_block":3,"stat.useItem.minecraft.redstone":10,"stat.crouchOneCm":39692,"stat.useItem.minecraft.wool":219,"stat.timeSinceDeath":2419,"stat.useItem.minecraft.stone_button":15,"stat.sprintOneCm":80580,"stat.useItem.minecraft.stained_glass":1,"stat.useItem.minecraft.wooden_slab":8,"achievement.exploreAllBiomes":{"value":0,"progress":["Plains"]},"stat.useItem.minecraft.sandstone":46}