{"stat.useItem.minecraft.string":11,"stat.chestOpened":1,"stat.beaconInteraction":1,"stat.useItem.minecraft.lapis_block":93,"stat.useItem.minecraft.quartz_block":175,"stat.useItem.minecraft.stone":2957,"stat.useItem.minecraft.jungle_fence":31,"stat.useItem.minecraft.quartz_stairs":66,"stat.leaveGame":3,"stat.useItem.minecraft.beacon":34,"stat.useItem.minecraft.skull":6,"stat.useItem.minecraft.carpet":65,"stat.useItem.minecraft.potion":94,"stat.useItem.minecraft.flower_pot":4,"stat.jump":1703,"stat.useItem.minecraft.planks":353,"stat.fallOneCm":2072,"stat.crouchOneCm":40641,"stat.useItem.minecraft.stone_button":2,"stat.useItem.minecraft.stone_slab2":23,"achievement.exploreAllBiomes":{"value":0,"progress":["Plains"]},"stat.useItem.minecraft.dispenser":3,"stat.useItem.minecraft.sandstone_stairs":33,"stat.useItem.minecraft.redstone_lamp":5,"stat.damageTaken":700,"stat.useItem.minecraft.dark_oak_fence":13,"stat.useItem.minecraft.stone_brick_stairs":62,"stat.dispenserInspected":22,"stat.useItem.minecraft.gold_block":11,"stat.useItem.minecraft.furnace":2,"stat.useItem.minecraft.carrot_on_a_stick":29,"stat.flyOneCm":1916126,"stat.useItem.minecraft.birch_fence":59,"stat.useItem.minecraft.enchanting_table":3,"stat.useItem.minecraft.wool":43,"stat.timeSinceDeath":37623,"stat.useItem.minecraft.fence_gate":10,"stat.useItem.minecraft.sign":17,"stat.cauldronFilled":2,"stat.useItem.minecraft.wooden_slab":241,"stat.flowerPotted":3,"stat.useItem.minecraft.command_block":2,"stat.walkOneCm":709405,"stat.useItem.minecraft.torch":13,"stat.useItem.minecraft.chest":8,"stat.useItem.minecraft.oak_stairs":49,"stat.useItem.minecraft.cobblestone":257,"stat.furnaceInteraction":1,"stat.useItem.minecraft.jungle_fence_gate":4,"stat.useItem.minecraft.redstone_block":1,"stat.useItem.minecraft.item_frame":8,"stat.useItem.minecraft.sea_lantern":19,"stat.useItem.minecraft.birch_fence_gate":27,"stat.useItem.minecraft.spruce_stairs":17,"stat.useItem.minecraft.leaves":8,"stat.useItem.minecraft.trapdoor":12,"stat.sprintOneCm":275679,"stat.useItem.minecraft.stained_glass":137,"stat.useItem.minecraft.hay_block":10,"stat.useItem.minecraft.fence":28,"stat.useItem.minecraft.netherrack":5,"stat.useItem.minecraft.stone_slab":206,"achievement.openInventory":146,"stat.useItem.minecraft.cauldron":8,"stat.useItem.minecraft.flint_and_steel":7,"stat.useItem.minecraft.iron_block":7,"stat.useItem.minecraft.stonebrick":383,"stat.deaths":3,"stat.useItem.minecraft.cobblestone_wall":8,"stat.drop":3,"stat.playOneMinute":419449,"stat.useItem.minecraft.banner":7,"stat.useItem.minecraft.jungle_stairs":33,"stat.useItem.minecraft.ladder":2,"stat.useItem.minecraft.sandstone":1992}