{"stat.chestOpened":1,"stat.useItem.minecraft.lapis_block":9,"stat.useItem.minecraft.stone":949,"stat.leaveGame":26,"stat.useItem.minecraft.beacon":1,"stat.useItem.minecraft.glowstone":10,"stat.useItem.minecraft.stained_glass_pane":1,"stat.jump":614,"stat.useItem.minecraft.planks":34,"stat.crouchOneCm":49794,"stat.useItem.minecraft.dirt":372,"stat.useItem.minecraft.coal_ore":90,"achievement.exploreAllBiomes":{"value":0,"progress":["Plains","Taiga"]},"stat.dropperInspected":3,"stat.useItem.minecraft.sapling":14,"stat.damageTaken":440,"stat.useItem.minecraft.iron_ore":21,"stat.useItem.minecraft.gold_block":4,"stat.flyOneCm":1427215,"stat.damageDealt":15,"stat.useItem.minecraft.wool":49,"stat.timeSinceDeath":221576,"stat.useItem.minecraft.wooden_slab":50,"stat.useItem.minecraft.command_block":7,"stat.walkOneCm":287702,"stat.useItem.minecraft.chest":36,"stat.useItem.minecraft.log":183,"stat.useItem.minecraft.emerald_block":9,"stat.useItem.minecraft.redstone_block":35,"stat.useItem.minecraft.spruce_stairs":116,"stat.useItem.minecraft.spruce_fence":25,"stat.useItem.minecraft.stained_hardened_clay":14,"stat.useItem.minecraft.dropper":16,"stat.useItem.minecraft.leaves":374,"stat.sprintOneCm":102930,"stat.useItem.minecraft.stained_glass":65,"achievement.openInventory":62,"stat.useItem.minecraft.iron_block":102,"stat.useItem.minecraft.dye":51,"stat.deaths":2,"stat.drop":3,"stat.playOneMinute":230164,"stat.useItem.minecraft.banner":10}