{"stat.useItem.minecraft.lapis_block":2,"stat.useItem.minecraft.stone":47,"stat.useItem.minecraft.quartz_stairs":73,"stat.leaveGame":7,"stat.useItem.minecraft.glowstone":10,"stat.jump":617,"stat.useItem.minecraft.sand":109,"stat.useItem.minecraft.planks":127,"stat.crouchOneCm":19510,"stat.useItem.minecraft.dirt":25,"stat.useItem.minecraft.stone_slab2":143,"stat.useItem.minecraft.red_sandstone_stairs":86,"achievement.exploreAllBiomes":{"value":0,"progress":["Plains"]},"stat.dropperInspected":1,"stat.useItem.minecraft.sapling":3,"stat.useItem.minecraft.redstone_lamp":27,"stat.damageTaken":200,"stat.useItem.minecraft.gold_block":8,"stat.useItem.minecraft.brick_block":4,"stat.flyOneCm":880274,"stat.useItem.minecraft.birch_fence":25,"stat.useItem.minecraft.wool":229,"stat.timeSinceDeath":126670,"stat.useItem.minecraft.wooden_slab":78,"stat.useItem.minecraft.command_block":2,"stat.walkOneCm":387500,"stat.useItem.minecraft.acacia_stairs":191,"stat.useItem.minecraft.dark_oak_stairs":1,"stat.useItem.minecraft.redstone_block":14,"stat.useItem.minecraft.sea_lantern":3,"stat.useItem.minecraft.red_sandstone":233,"stat.useItem.minecraft.stained_hardened_clay":32,"stat.useItem.minecraft.dropper":1,"stat.sprintOneCm":109966,"stat.useItem.minecraft.stained_glass":23,"stat.useItem.minecraft.fence":84,"stat.useItem.minecraft.glass_pane":28,"stat.useItem.minecraft.deadbush":12,"stat.useItem.minecraft.stone_slab":2,"achievement.openInventory":69,"stat.useItem.minecraft.iron_block":10,"stat.useItem.minecraft.dye":5,"stat.deaths":1,"stat.drop":4,"stat.playOneMinute":126780,"stat.useItem.minecraft.banner":8,"stat.useItem.minecraft.birch_stairs":10,"stat.useItem.minecraft.web":15}