{"stat.walkOneCm":191832,"achievement.openInventory":22,"stat.leaveGame":1,"stat.useItem.minecraft.log2":4,"stat.useItem.minecraft.acacia_stairs":189,"stat.flyOneCm":391140,"stat.useItem.minecraft.birch_fence":161,"stat.jump":297,"stat.useItem.minecraft.sand":8,"stat.playOneMinute":61197,"stat.useItem.minecraft.planks":519,"stat.useItem.minecraft.red_sandstone":21,"stat.useItem.minecraft.spruce_stairs":15,"stat.crouchOneCm":5711,"stat.useItem.minecraft.wool":36,"stat.timeSinceDeath":61197,"stat.useItem.minecraft.stained_hardened_clay":69,"stat.useItem.minecraft.birch_stairs":30,"stat.sprintOneCm":55427,"stat.useItem.minecraft.stained_glass":12,"stat.useItem.minecraft.red_sandstone_stairs":6,"stat.useItem.minecraft.stone_slab2":6,"stat.useItem.minecraft.wooden_slab":380,"achievement.exploreAllBiomes":{"value":0,"progress":["Plains"]},"stat.useItem.minecraft.glass_pane":17,"stat.useItem.minecraft.deadbush":8}