{"stat.beaconInteraction":9,"stat.useItem.minecraft.string":30,"stat.craftItem.minecraft.leather_leggings":2,"stat.useItem.minecraft.bow":67,"stat.useItem.minecraft.lapis_block":10,"stat.useItem.minecraft.painting":574,"stat.useItem.minecraft.quartz_block":66,"stat.useItem.minecraft.repeater":12,"stat.leaveGame":20,"stat.useItem.minecraft.beacon":7,"stat.useItem.minecraft.skull":11,"stat.useItem.minecraft.diamond_sword":72,"stat.useItem.minecraft.glowstone":179,"stat.mineBlock.minecraft.sandstone":1,"stat.mineBlock.minecraft.stained_glass":2,"stat.swimOneCm":22364,"stat.useItem.minecraft.planks":176,"stat.climbOneCm":4091,"stat.useItem.minecraft.nether_brick_stairs":434,"stat.useItem.minecraft.fire_charge":13,"stat.useItem.minecraft.redstone_torch":6,"stat.useItem.minecraft.obsidian":24,"stat.useItem.minecraft.dirt":142,"achievement.exploreAllBiomes":{"value":0,"progress":["Plains","Desert","Hell"]},"stat.useItem.minecraft.vine":18,"stat.useItem.minecraft.iron_ore":30,"stat.useItem.minecraft.rail":25,"stat.useItem.minecraft.brick_block":33,"stat.useItem.minecraft.anvil":3,"stat.flyOneCm":3457779,"stat.useItem.minecraft.cooked_beef":4,"stat.mineBlock.minecraft.end_stone":1,"stat.timeSinceDeath":81911,"stat.useItem.minecraft.sign":11,"stat.useItem.minecraft.iron_pickaxe":8,"stat.cauldronFilled":4,"stat.useItem.minecraft.wooden_slab":10,"stat.useItem.minecraft.lever":5,"stat.useItem.minecraft.hardened_clay":1,"stat.useItem.minecraft.armor_stand":1,"stat.useItem.minecraft.end_stone":1,"stat.useItem.minecraft.minecart":12,"stat.useItem.minecraft.redstone":16,"stat.useItem.minecraft.sea_lantern":48,"achievement.mineWood":1,"stat.useItem.minecraft.dropper":11,"stat.useItem.minecraft.stained_glass":195,"stat.sprintOneCm":793099,"stat.useItem.minecraft.diamond_block":27,"stat.useItem.minecraft.stone_stairs":5,"stat.useItem.minecraft.stone_slab":385,"stat.useItem.minecraft.bed":5,"achievement.openInventory":398,"stat.useItem.minecraft.cauldron":4,"stat.useItem.minecraft.flint_and_steel":3,"stat.deaths":4,"stat.drop":41,"stat.playOneMinute":720809,"stat.useItem.minecraft.banner":56,"stat.useItem.minecraft.diamond_ore":25,"stat.useItem.minecraft.nether_brick":1873,"stat.craftItem.minecraft.emerald":2112,"stat.killEntity.Zombie":1,"stat.useItem.minecraft.birch_stairs":1,"stat.diveOneCm":4344,"stat.chestOpened":60,"stat.useItem.minecraft.lapis_ore":30,"stat.useItem.minecraft.sticky_piston":43,"stat.useItem.minecraft.stone":687,"stat.useItem.minecraft.ender_chest":1,"stat.useItem.minecraft.carpet":97,"stat.useItem.minecraft.potion":199,"stat.useItem.minecraft.quartz_ore":10,"stat.useItem.minecraft.flower_pot":2,"stat.useItem.minecraft.bedrock":1,"stat.jump":3380,"stat.useItem.minecraft.sand":43,"stat.useItem.minecraft.experience_bottle":45,"stat.fallOneCm":36077,"stat.crouchOneCm":113190,"stat.useItem.minecraft.mycelium":35,"stat.craftItem.minecraft.banner":18,"stat.useItem.minecraft.coal_ore":22,"stat.useItem.minecraft.stone_button":3,"stat.useItem.minecraft.light_weighted_pressure_plate":3,"stat.mineBlock.minecraft.hardened_clay":1,"stat.useItem.minecraft.emerald_ore":30,"stat.craftingTableInteraction":19,"stat.useItem.minecraft.dispenser":3,"stat.dropperInspected":4,"stat.useItem.minecraft.glass":1,"stat.boatOneCm":542,"stat.useItem.minecraft.golden_rail":58,"stat.damageTaken":2844,"stat.mineBlock.minecraft.torch":1,"stat.dispenserInspected":3,"stat.useItem.minecraft.gold_block":34,"stat.useItem.minecraft.birch_fence":31,"stat.useItem.minecraft.enchanting_table":6,"stat.damageDealt":1532,"stat.useItem.minecraft.wool":165,"stat.mineBlock.minecraft.dirt":3,"stat.useItem.minecraft.crafting_table":15,"stat.useItem.minecraft.iron_bars":9,"stat.flowerPotted":1,"stat.useItem.minecraft.command_block":41,"stat.walkOneCm":1719931,"stat.useItem.minecraft.torch":45,"stat.useItem.minecraft.chest":26,"stat.playerKills":4,"stat.useItem.minecraft.log":31,"stat.useItem.minecraft.cobblestone":91,"stat.useItem.minecraft.tnt":9,"stat.craftItem.minecraft.leather_boots":2,"stat.useItem.minecraft.gravel":8,"stat.useItem.minecraft.emerald_block":22,"stat.useItem.minecraft.gold_ore":28,"stat.minecartOneCm":26371,"stat.useItem.minecraft.redstone_block":47,"stat.useItem.minecraft.item_frame":32,"stat.useItem.minecraft.spruce_stairs":1,"stat.useItem.minecraft.stained_hardened_clay":143,"stat.useItem.minecraft.leaves":9,"stat.useItem.minecraft.redstone_ore":32,"stat.useItem.minecraft.cactus":50,"stat.useItem.minecraft.deadbush":33,"stat.useItem.minecraft.prismarine":1,"stat.useItem.minecraft.tripwire_hook":2,"stat.useItem.minecraft.iron_sword":2,"stat.useItem.minecraft.iron_block":95,"stat.mineBlock.minecraft.prismarine":1,"stat.mobKills":1,"stat.useItem.minecraft.golden_apple":22,"stat.useItem.minecraft.boat":2,"stat.useItem.minecraft.monster_egg":4,"stat.useItem.minecraft.cobblestone_wall":51,"stat.useItem.minecraft.wooden_axe":3,"stat.useItem.minecraft.fishing_rod":17,"stat.useItem.minecraft.sandstone":558,"stat.useItem.minecraft.web":5}