{"stat.beaconInteraction":5,"stat.chestOpened":13,"stat.useItem.minecraft.bow":51,"stat.useItem.minecraft.lapis_ore":10,"stat.useItem.minecraft.quartz_block":127,"stat.useItem.minecraft.painting":137,"stat.useItem.minecraft.stone":579,"stat.leaveGame":13,"stat.useItem.minecraft.diamond_sword":146,"stat.useItem.minecraft.carpet":14,"stat.useItem.minecraft.glowstone":2,"stat.useItem.minecraft.flower_pot":4,"stat.jump":2726,"stat.swimOneCm":4456,"stat.useItem.minecraft.planks":572,"stat.fallOneCm":10035,"stat.climbOneCm":1784,"stat.crouchOneCm":6635,"stat.useItem.minecraft.dirt":61,"stat.useItem.minecraft.stone_slab2":660,"stat.useItem.minecraft.red_sandstone_stairs":14,"achievement.exploreAllBiomes":{"value":0,"progress":["Plains","Desert"]},"stat.craftingTableInteraction":1,"stat.useItem.minecraft.glass":31,"stat.useItem.minecraft.redstone_lamp":5,"stat.useItem.minecraft.leaves2":5,"stat.useItem.minecraft.vine":21,"stat.useItem.minecraft.golden_rail":4,"stat.damageTaken":1858,"stat.useItem.minecraft.iron_ore":4,"stat.useItem.minecraft.rail":27,"stat.useItem.minecraft.brick_block":28,"stat.useItem.minecraft.anvil":3,"stat.flyOneCm":1218642,"stat.useItem.minecraft.birch_fence":15,"stat.damageDealt":273,"stat.useItem.minecraft.wool":24,"stat.timeSinceDeath":745,"stat.useItem.minecraft.sign":6,"stat.useItem.minecraft.crafting_table":2,"stat.useItem.minecraft.wooden_slab":56,"stat.flowerPotted":4,"stat.useItem.minecraft.command_block":1,"stat.walkOneCm":718166,"stat.useItem.minecraft.torch":23,"stat.useItem.minecraft.chest":10,"stat.useItem.minecraft.lever":2,"stat.mineBlock.minecraft.vine":4,"stat.useItem.minecraft.log":91,"stat.useItem.minecraft.cobblestone":264,"stat.useItem.minecraft.emerald_block":1,"stat.useItem.minecraft.gold_ore":8,"stat.useItem.minecraft.armor_stand":3,"stat.minecartOneCm":102368,"stat.useItem.minecraft.minecart":11,"stat.useItem.minecraft.redstone":5,"stat.useItem.minecraft.item_frame":110,"stat.useItem.minecraft.sea_lantern":27,"stat.useItem.minecraft.spruce_stairs":12,"achievement.mineWood":1,"stat.useItem.minecraft.stained_hardened_clay":2,"stat.useItem.minecraft.leaves":50,"stat.sprintOneCm":447608,"stat.useItem.minecraft.stained_glass":2,"stat.useItem.minecraft.redstone_ore":18,"stat.useItem.minecraft.fence":14,"stat.useItem.minecraft.stone_stairs":34,"stat.useItem.minecraft.stone_slab":153,"stat.useItem.minecraft.bed":6,"achievement.openInventory":115,"stat.useItem.minecraft.iron_sword":84,"stat.useItem.minecraft.cauldron":4,"stat.useItem.minecraft.wooden_pressure_plate":3,"stat.useItem.minecraft.bucket":4,"stat.useItem.minecraft.golden_apple":13,"stat.deaths":14,"stat.useItem.minecraft.monster_egg":15,"stat.drop":39,"stat.playOneMinute":380432,"stat.useItem.minecraft.banner":17,"stat.useItem.minecraft.nether_brick":3,"stat.useItem.minecraft.diamond_ore":13,"stat.useItem.minecraft.birch_stairs":18,"stat.diveOneCm":3404,"stat.useItem.minecraft.sandstone":18}